{
    "Incoming": {
        "G": {
            "Type": "NewGrooveOnset",
            "Format": "G/{step}/{vel}/{off}",
            "MaxVel": 127,
            "MaxOffset": 500,
            "isEssential": true
        },
        "GV": {
            "Type": "InputGrooveVelocityScale",
            "Format": "GV/{Value}",
            "MaxValue": 100,
            "isEssential": true
        },
        "GO": {
            "Type": "InputGrooveOffsetQuantization",
            "Format": "GO/{Value}",
            "MaxValue": 100,
            "isEssential": true
        },
        "RP": {
            "Type": "RandomnessPot",
            "Format": "RP/{Value}",
            "MaxValue": 100,
            "isEssential": true
        },
        "LP": {
            "Type": "LoadFromPreset",
            "Format": "LP/{Value}",
            "MaxValue": 4,
            "isEssential": true
        },
        "SP": {
            "Type": "SaveToPreset",
            "Format": "SP/{Value}",
            "MaxValue": 4,
            "isEssential": false
        },
        "DP": {
            "Type": "DensityPots1to6",
            "Format": "DP/{ix}/{Value}",
            "MaxValue": 100,
            "isEssential": true
        },
        "GP": {
            "Type": "GeneralPurposePots1to3",
            "Format": "GP/{ix}/{Value}",
            "MaxValue": 100,
            "isEssential": true
        },
        "IP": {
            "Type": "InterpolationSlider",
            "Format": "IP/{Value}",
            "MaxValue": 100,
            "isEssential": true
        },
        "SA": {
            "Type": "SaveToStateA",
            "Format": "SA/",
            "isEssential": false
        },
        "RA": {
            "Type": "RandomizeStateA",
            "Format": "RA/",
            "isEssential": false
        },
        "SB": {
            "Type": "SaveToStateB",
            "Format": "SB/",
            "isEssential": false
        },
        "RB": {
            "Type": "RandomizeStateB",
            "Format": "RB/",
            "isEssential": false
        },
        "CRASHAPP": {
            "Type": "CrashApp",
            "Format": "CRASHAPP/",
            "isEssential": false
        }

    }
    ,
    "Outgoing": {
        "Generations": {
            "signalStart": true,
            "start": "NG/",

            "signalEnd": true,
            "end": "GD/",

            "Hit": "H/{voice}/{step}/{vel}/{off}",
            "sendHits": true,

            "Probability": "P/{voice}/{step}/{Probability}/{vel}/{off}",
            "sendProbabilities": false,

            "MaxVel": 127,
            "MaxOffset": 0.5,

            "VoiceMapping":
            {
                "0": "0",
                "1": "1",
                "2": "2",
                "3": "3",
                "4": "4",
                "5": "4",
                "6": "4",
                "7": "5",
                "8": "5"
            }
        },
        "Requests": {
            "SendAllParameters": "SAP/",
            "Stale": "STALE/",
            "Stale_Secs": 20,
            "CorruptedMessage": "CRPT/"
        }
    }
}